{"texture_size":[16,16],"textures":{"0":"item/cute"},"display":{"head":{"scale":[1.8237063586711886,1.8237063586711886,1.8237063586711886]}},"elements":[{"name":"b_b.001","from":[7.543213039076041,-1.6125513537556007,7.390354301264788],"to":[8.451205663317031,-1.1718962775595951,8.29834692550578],"rotation":{"angle":-45.0,"axis":"y","origin":[7.9972093511965365,-1.392223815657598,7.844350613385283]},"faces":{"north":{"uv":[0.375,4.125,1.375,5.125],"texture":"#0","rotation":270},"east":{"uv":[0.375,4.125,1.375,5.125],"texture":"#0","rotation":270},"south":{"uv":[0.375,4.125,1.375,5.125],"texture":"#0","rotation":270},"west":{"uv":[0.375,4.125,1.375,5.125],"texture":"#0","rotation":270},"up":{"uv":[0.375,4.125,1.375,5.125],"texture":"#0","rotation":270},"down":{"uv":[0.375,4.125,1.375,5.125],"texture":"#0","rotation":270}}},{"name":"b_b.002","from":[8.186893050660945,-2.7876477787297134,7.949156070363173],"to":[8.565259643637239,-1.3226164095946835,8.075925314597901],"rotation":{"angle":22.5,"axis":"z","origin":[8.376076347149091,-2.0551320941621984,8.012540692480538]},"faces":{"north":{"uv":[0.375,4.125,1.375,5.125],"texture":"#0","rotation":270},"east":{"uv":[0.375,4.125,1.375,5.125],"texture":"#0","rotation":270},"south":{"uv":[0.375,4.125,1.375,5.125],"texture":"#0","rotation":270},"west":{"uv":[0.375,4.125,1.375,5.125],"texture":"#0","rotation":270},"up":{"uv":[0.375,4.125,1.375,5.125],"texture":"#0","rotation":270},"down":{"uv":[0.375,4.125,1.375,5.125],"texture":"#0","rotation":270}}},{"name":"b_b.003","from":[8.335581379641877,-1.6627783789407058,7.842810505264854],"to":[9.842823946250048,-1.0778601056051258,8.102463097713871],"rotation":{"angle":0.0,"axis":"z","origin":[9.089202662945961,-1.3703192422729167,7.9726368014893625]},"faces":{"north":{"uv":[0.375,4.125,1.375,5.125],"texture":"#0","rotation":270},"east":{"uv":[0.375,4.125,1.375,5.125],"texture":"#0","rotation":270},"south":{"uv":[0.375,4.125,1.375,5.125],"texture":"#0","rotation":270},"west":{"uv":[0.375,4.125,1.375,5.125],"texture":"#0","rotation":270},"up":{"uv":[0.375,4.125,1.375,5.125],"texture":"#0","rotation":270},"down":{"uv":[0.375,4.125,1.375,5.125],"texture":"#0","rotation":270}}},{"name":"b_b.004","from":[8.410467391508085,-1.3897696960315873,7.842810505264854],"to":[9.80304209450194,-0.7808855169438029,8.102463097713871],"rotation":{"angle":22.5,"axis":"z","origin":[9.106754743005013,-1.085327606487695,7.9726368014893625]},"faces":{"north":{"uv":[0.375,4.125,1.375,5.125],"texture":"#0","rotation":270},"east":{"uv":[0.375,4.125,1.375,5.125],"texture":"#0","rotation":270},"south":{"uv":[0.375,4.125,1.375,5.125],"texture":"#0","rotation":270},"west":{"uv":[0.375,4.125,1.375,5.125],"texture":"#0","rotation":270},"up":{"uv":[0.375,4.125,1.375,5.125],"texture":"#0","rotation":270},"down":{"uv":[0.375,4.125,1.375,5.125],"texture":"#0","rotation":270}}},{"name":"b_b.005","from":[8.410467391508085,-1.959754013465922,7.842810505264854],"to":[9.80304209450194,-1.3508698343781376,8.102463097713871],"rotation":{"angle":-22.5,"axis":"z","origin":[9.106754743005013,-1.6553119239220297,7.9726368014893625]},"faces":{"north":{"uv":[0.375,4.125,1.375,5.125],"texture":"#0","rotation":270},"east":{"uv":[0.375,4.125,1.375,5.125],"texture":"#0","rotation":270},"south":{"uv":[0.375,4.125,1.375,5.125],"texture":"#0","rotation":270},"west":{"uv":[0.375,4.125,1.375,5.125],"texture":"#0","rotation":270},"up":{"uv":[0.375,4.125,1.375,5.125],"texture":"#0","rotation":270},"down":{"uv":[0.375,4.125,1.375,5.125],"texture":"#0","rotation":270}}},{"name":"b_b.006","from":[6.151594801082489,-1.6627783789407058,7.842810505264854],"to":[7.658837367690659,-1.0778601056051258,8.102463097713871],"rotation":{"angle":0.0,"axis":"z","origin":[6.905216084386574,-1.3703192422729167,7.9726368014893625]},"faces":{"north":{"uv":[1.375,4.125,0.375,5.125],"texture":"#0","rotation":90},"east":{"uv":[1.375,4.125,0.375,5.125],"texture":"#0","rotation":90},"south":{"uv":[1.375,4.125,0.375,5.125],"texture":"#0","rotation":90},"west":{"uv":[1.375,4.125,0.375,5.125],"texture":"#0","rotation":90},"up":{"uv":[1.375,4.125,0.375,5.125],"texture":"#0","rotation":90},"down":{"uv":[1.375,4.125,0.375,5.125],"texture":"#0","rotation":90}}},{"name":"b_b.007","from":[6.191376522097609,-1.3897696960315873,7.842810505264854],"to":[7.5839512250914645,-0.7808855169438029,8.102463097713871],"rotation":{"angle":-22.5,"axis":"z","origin":[6.887663873594537,-1.085327606487695,7.9726368014893625]},"faces":{"north":{"uv":[1.375,4.125,0.375,5.125],"texture":"#0","rotation":90},"east":{"uv":[1.375,4.125,0.375,5.125],"texture":"#0","rotation":90},"south":{"uv":[1.375,4.125,0.375,5.125],"texture":"#0","rotation":90},"west":{"uv":[1.375,4.125,0.375,5.125],"texture":"#0","rotation":90},"up":{"uv":[1.375,4.125,0.375,5.125],"texture":"#0","rotation":90},"down":{"uv":[1.375,4.125,0.375,5.125],"texture":"#0","rotation":90}}},{"name":"b_b.008","from":[6.191376522097609,-1.959754013465922,7.842810505264854],"to":[7.5839512250914645,-1.3508698343781376,8.102463097713871],"rotation":{"angle":22.5,"axis":"z","origin":[6.887663873594537,-1.6553119239220297,7.9726368014893625]},"faces":{"north":{"uv":[1.375,4.125,0.375,5.125],"texture":"#0","rotation":90},"east":{"uv":[1.375,4.125,0.375,5.125],"texture":"#0","rotation":90},"south":{"uv":[1.375,4.125,0.375,5.125],"texture":"#0","rotation":90},"west":{"uv":[1.375,4.125,0.375,5.125],"texture":"#0","rotation":90},"up":{"uv":[1.375,4.125,0.375,5.125],"texture":"#0","rotation":90},"down":{"uv":[1.375,4.125,0.375,5.125],"texture":"#0","rotation":90}}},{"name":"b_b","from":[7.42915907101205,-2.7876477787297134,7.949156070363173],"to":[7.807525663988345,-1.3226164095946835,8.075925314597901],"rotation":{"angle":-22.5,"axis":"z","origin":[7.6183423675001976,-2.0551320941621984,8.012540692480538]},"faces":{"north":{"uv":[1.375,4.125,0.375,5.125],"texture":"#0","rotation":90},"east":{"uv":[1.375,4.125,0.375,5.125],"texture":"#0","rotation":90},"south":{"uv":[1.375,4.125,0.375,5.125],"texture":"#0","rotation":90},"west":{"uv":[1.375,4.125,0.375,5.125],"texture":"#0","rotation":90},"up":{"uv":[1.375,4.125,0.375,5.125],"texture":"#0","rotation":90},"down":{"uv":[1.375,4.125,0.375,5.125],"texture":"#0","rotation":90}}},{"name":"ht","from":[7.404629742855896,7.09288282920433,7.214084988959027],"to":[8.589788979964206,8.467477824539696,8.474614146083752],"rotation":{"angle":0.0,"axis":"z","origin":[7.997209361410051,7.7801803268720136,7.844349567521389]},"faces":{"north":{"uv":[0.375,0.375,1.5,1.5],"texture":"#0","rotation":270},"east":{"uv":[0.375,0.375,1.5,1.5],"texture":"#0","rotation":270},"south":{"uv":[0.375,0.375,1.5,1.5],"texture":"#0","rotation":270},"west":{"uv":[0.375,0.375,1.5,1.5],"texture":"#0","rotation":270},"up":{"uv":[0.375,0.375,1.5,1.5],"texture":"#0","rotation":270},"down":{"uv":[0.375,0.375,1.5,1.5],"texture":"#0","rotation":270}}},{"name":"ht.001","from":[7.415811787154899,5.993727071783244,7.330985837352379],"to":[8.578798317522839,7.247430463573778,8.3577132976904],"rotation":{"angle":45.0,"axis":"y","origin":[7.997305052338869,6.620578734995265,7.844349567521389]},"faces":{"north":{"uv":[0.375,0.375,1.5,1.5],"texture":"#0","rotation":270},"east":{"uv":[0.375,0.375,1.5,1.5],"texture":"#0","rotation":270},"south":{"uv":[0.375,0.375,1.5,1.5],"texture":"#0","rotation":270},"west":{"uv":[0.375,0.375,1.5,1.5],"texture":"#0","rotation":270},"up":{"uv":[0.375,0.375,1.5,1.5],"texture":"#0","rotation":270},"down":{"uv":[0.375,0.375,1.5,1.5],"texture":"#0","rotation":270}}},{"name":"ht.002","from":[7.434074007010246,4.6973169391335485,7.214084988959027],"to":[8.560536094092763,6.071911934468914,8.474614146083752],"rotation":{"angle":0.0,"axis":"z","origin":[7.997305050551504,5.384614436801231,7.844349567521389]},"faces":{"north":{"uv":[0.375,0.375,1.5,1.5],"texture":"#0","rotation":270},"east":{"uv":[0.375,0.375,1.5,1.5],"texture":"#0","rotation":270},"south":{"uv":[0.375,0.375,1.5,1.5],"texture":"#0",